name_en;type
Energy systems;field-of-research
Territory and society;field-of-research
Structure and materials;field-of-research
Civil engineering and ENAC;field-of-research
Data and network sciences;field-of-research
Imaging and vision;field-of-research
Learning and decision systems;field-of-research
Personalized health;field-of-research
Sports technology;field-of-research
Advanced manufacturing;field-of-research
Micro and nanosystems;field-of-research
Robotics and autonomous systems;field-of-research
Soft matter and flexible structures;field-of-research
Space technology;field-of-research
Computer architecture and integrated systems;field-of-research
Bio-inspired designs and systems;field-of-research
Construction and sustainable development;field-of-research
Condensed matter theory;field-of-research
Nanosciences;field-of-research
Quantum photonics;field-of-research
Statistical mechanics and quantum information;field-of-research
Theoretical Physics;field-of-research
Internet of things;field-of-research
Neural engineering and prosthetics;field-of-research
Magnetism;field-of-research
Surface physics and low-dimensional systems;field-of-research
Analytical chemistry;field-of-research
Physical chemistry;field-of-research
Artificial Intelligence (AI);field-of-research
Machine Learning (ML);field-of-research
Computer vision;field-of-research
Human-computer interaction (HCI);field-of-research
Microscopy spectromicroscopy and imaging;field-of-research
Probability and stochastics;field-of-research
Networking;field-of-research
Future of computing;field-of-research
Strongly correlated electron systems;field-of-research
Chemical engineering;field-of-research
Renewable energy;field-of-research
Geosystems and natural resources;field-of-research
Environmental modeling and monitoring;field-of-research
Human-environment interactions;field-of-research
Algorithms & theoretical computer science;field-of-research
Programming languages & formal methods;field-of-research
Systems;field-of-research
Applied and computational mathematics;field-of-research
Geometry and topology;field-of-research
Ultrafast spectroscopy and optics;field-of-research
Security, privacy & cryptography;field-of-research
Optics and photonics;field-of-research
Theory and history;field-of-research
Statistics;field-of-research
Crowdsourcing & citizen science;field-of-research
Data management;field-of-research
Information retrieval;field-of-research
Flexible electronics;field-of-research
Mathematical analysis;field-of-research
Optimization;field-of-research
Entrepreneurial strategies;field-of-research
Operations & Supply chain management;field-of-research
Cancer;field-of-research
Development;field-of-research
Molecular and celluar biology;field-of-research
Rodents;field-of-research
Translational research;field-of-research
Neurotechnology;field-of-research
Information & communication theory;field-of-research
Signal & image processing;field-of-research
Computational chemistry;field-of-research
Atomic and molecular physics;field-of-research
Computational physics;field-of-research
Computational biology;field-of-research
Genetics;field-of-research
Genomics;field-of-research
Neurocomputation;field-of-research
Water and waste engineering;field-of-research
Project and design;field-of-research
Transportation and networks;field-of-research
Atmosphere and climate;field-of-research
Ecology and biogeochemical cycles;field-of-research
Elementary particle physics;field-of-research
Chemical biology;field-of-research
Computer graphics;field-of-research
Biophysics;field-of-research
Astrophysics and gravitation;field-of-research
Fundamental interactions and cosmology;field-of-research
Quantum technology;field-of-research
Distributed computing;field-of-research
Data science;field-of-research
Drosophila;field-of-research
Management of innovation;field-of-research
Innovation policy;field-of-research
Intellectual property rights policy and regulation;field-of-research
Information society and digitalization policies and regulation;field-of-research
Technology and public policy;field-of-research
Inorganic chemistry;field-of-research
Organic chemistry;field-of-research
Sustainable energy systems;field-of-research
Neuroscience;field-of-research
Education technology & research;field-of-research
Robotics;field-of-research
Algebra and number theory;field-of-research
Discrete mathematics;field-of-research
Bioimaging;field-of-research
Behavior and cognition;field-of-research
Technology commercialization;field-of-research
Humans;field-of-research
Structural biology;field-of-research
Alpine and polar environment;field-of-research
Worms;field-of-research
Immunity;field-of-research
Software engineering;field-of-research
Plasma and beam physics;field-of-research
Digital humanities;field-of-research
Big data and AI;field-of-research
Immersive visualization technologies, aesthetics and cultural (big) data;field-of-research
Tangible and intangible cultural heritage and archives;field-of-research
Communication sciences, computational modelling and creativity;field-of-research
Digital media and aesthetics;field-of-research
Asset Pricing and Financial Markets;field-of-research
Financial Institutions and Regulation;field-of-research
Infection;field-of-research
Microbiology;field-of-research
Art and expression;field-of-research
Crystal structure and properties;field-of-research
Metabolism;field-of-research
Financial Technology;field-of-research
Motor control;field-of-research
Primates;field-of-research
Reactor physics;field-of-research
Business analytics;field-of-research
Fish;field-of-research
Advanced computer sciences, expanded perception and interaction;field-of-research
Popular and digital culture and cultural policy and property;field-of-research